# See docs for redirects in GitLab Pages:
#   https://docs.gitlab.com/ee/user/project/pages/redirects.html
#
# This file is automatically generated from a template:
#   layouts/index.redirects
#
# Please add in chronological order by removal date following https://handbook.gitlab.com/docs/development/#redirects.

{{ $aliases := newScratch -}}
{{ $section_aliases := newScratch -}}
{{ $root_sections := slice -}}
{{/* handle explicit aliases in frontmatter */}}
{{- range $p := .Site.Pages -}}
{{- $aliases.Add $p.RelPermalink $p.Aliases -}}
{{- end -}}
{{- range .Site.Sections -}}
{{- $root_sections = $root_sections | append .RelPermalink -}}
{{- end -}}
{{/* custom aliases for handbook sections */}}
{{- with site.GetPage "handbook" -}}
{{- range .Sections -}}
{{- if not (in $root_sections (replace .RelPermalink "/handbook" "")) -}}
{{- $section_aliases.Add (printf "%s:splat" .RelPermalink) (replace .RelPermalink "/handbook" "" 1 | printf "%s*" | slice) -}}
{{- end -}}
{{- end -}}
{{- end -}}
{{ printf "\n# Aliases Generated from Front Matter" }}
{{ printf "" }}
{{- range $permalink, $redirects := $aliases.Values -}}
{{- range $r := $redirects -}}
{{- printf "%s %s\n" $r $permalink -}}
{{- end -}}
{{- end -}}
{{ printf "\n# Root level section aliases\n" }}
{{- range $permalink, $redirects := $section_aliases.Values -}}
{{- range $r := $redirects -}}
{{- printf "%s %s\n" $r $permalink -}}
{{- end -}}
{{- end -}}
{{ printf "" }}

# Handbook doesn't use .html style page locations so repoint these
/*.html /:splat/ 301

# Replace aliases - remove 2024-11-01
/about/support/ /handbook/about/on-call/ 301
/handbook/amas/ /handbook/company/amas/ 301
/handbook/anti-harassment/ /handbook/people-group/anti-harassment/ 301
/handbook/being-a-public-company/ /handbook/company/being-a-public-company/ 301
/handbook/business-technology/enterprise-applications/guides/coupa_supplier/ /handbook/business-technology/enterprise-applications/guides/coupa-supplier/ 301
/handbook/ceo/chief-of-staff-team/ /handbook/ceo/office-of-the-ceo/ 301
/handbook/ceo/chief-of-staff-team/* /handbook/ceo/office-of-the-ceo/:splat 301
/handbook/company/culture/inclusion/DIB-Sponsorship/ /handbook/company/culture/inclusion/dib-sponsorship/ 301
/handbook/company/culture/summit/contribute-leadership/ /handbook/company/culture/summit/summit-leadership/ 301
/handbook/company/top-cross-functional-initative/ /handbook/company/working-groups/ 301
/handbook/competencies/ /handbook/people-group/competencies/ 301
/handbook/content-websites/ /handbook/about/maintenance/ 301
/handbook/content-websites/direction/ /handbook/about/direction/ 301
/handbook/content-websites/handbook-migration/ /handbook/about/roadmap/ 301
/handbook/content-websites/handbook-migration/migration-details/ /handbook/about/migration-details/ 301
/handbook/customer-success/csm/adoption-landing-zones/AI-ML/ /handbook/customer-success/csm/adoption-landing-zones/ai-ml/ 301
/handbook/customer-success/csm/adoption-landing-zones/CI/ /handbook/customer-success/csm/adoption-landing-zones/ci/ 301
/handbook/customer-success/csm/adoption-landing-zones/DevSecOps/ /handbook/customer-success/csm/adoption-landing-zones/devsecops/ 301
/handbook/customer-success/csm/engagement/Non-engaged-customer-strategies/ /handbook/customer-success/csm/engagement/non-engaged-customer-strategies/ 301
/handbook/customer-success/csm/segment/csa/ /handbook/customer-success/csm/segment/csa/ 301
/handbook/customer-success/csm/segment/csa/* /handbook/customer-success/csm/segment/csa/:splat 301
/handbook/customer-success/csm/segment/cse/ /handbook/customer-success/csm/segment/cse/ 301
/handbook/customer-success/csm/segment/cse/* /handbook/customer-success/csm/segment/cse/:splat 301
/handbook/customer-success/csm/segment/scale/ /handbook/customer-success/csm/segment/cse/ 301
/handbook/customer-success/csm/segment/scale/content/ /handbook/customer-success/csm/segment/cse/content/ 301
/handbook/customer-success/csm/segment/scale/cse-tm-onboarding/ /handbook/customer-success/csm/segment/cse/cse-tm-onboarding/ 301
/handbook/customer-success/csm/segment/scale/customer-onboarding-best-practices/ /handbook/customer-success/csm/segment/cse/customer-onboarding-best-practices/ 301
/handbook/customer-success/csm/segment/scale/scale-operating-rhythm/ /handbook/customer-success/csm/segment/cse/scale-operating-rhythm/ 301
/handbook/customer-success/partners/vision/ /handbook/customer-success/partners/capabilities-journey/ 301
/handbook/customer-success/professional-services-engineering/engagement-mgmt/scoping-information/migrations/SM-to-GitLab-com/ /handbook/customer-success/professional-services-engineering/engagement-mgmt/scoping-information/migrations/sm-to-saas/ 301
/handbook/customer-success/professional-services-engineering/SKUs/ /handbook/customer-success/professional-services-engineering/skus/ 301
/handbook/customer-success/vision/ /handbook/customer-success/customer-success-vision/ 301
/handbook/developer-onboarding/ /handbook/engineering/developer-onboarding/ 301
/handbook/documentation/ /handbook/product/ux/technical-writing/documentation/ 301
/handbook/e-group-weekly/ /handbook/company/e-group-weekly/ 301
/handbook/edit-team-page/ /handbook/editing-handbook/edit-team-page/ 301
/handbook/engineering/communication/ /handbook/engineering/engineering-comms/ 301
/handbook/engineering/data-guide/ /handbook/product/groups/product-analysis/engineering/data-guide/ 301
/handbook/engineering/development/data-science/ai-framework/ /handbook/engineering/development/data-science/ai-powered/ai-framework/ 301
/handbook/engineering/development/data-science/custom-models/ /handbook/engineering/development/data-science/ai-powered/custom-models/ 301
/handbook/engineering/development/data-science/duo-chat/ /handbook/engineering/development/data-science/ai-powered/duo-chat/ 301
/handbook/engineering/development/data-science/model-validation/ /handbook/engineering/development/data-science/ai-powered/model-validation/ 301
/handbook/engineering/development/dev/plan/project-management/ /handbook/engineering/development/dev/plan/project-management/ 301
/handbook/engineering/development/ops/verify/pipeline-security/ /handbook/engineering/development/sec/govern/pipeline-security/ 301
/handbook/engineering/development/ops/verify/pipeline-security/JTBD/ /handbook/engineering/development/sec/govern/pipeline-security/jtbd/ 301
/handbook/engineering/development/processes/Infra-Dev-Escalation/ /handbook/engineering/development/processes/infra-dev-escalation/ 301
/handbook/engineering/fellow/shadow/ //handbook/engineering/fellow-shadow/ 301
/handbook/engineering/infrastructure/core-platform/data_stores/tenant-scale/ /handbook/engineering/infrastructure/core-platform/tenant-scale/ 301
/handbook/engineering/infrastructure/core-platform/systems/cloud-connector/ /handbook/engineering/infrastructure/core-platform/data_stores/cloud-connector/ 301
/handbook/engineering/infrastructure/team/reliability/* /handbook/infrastructure/team/ 301
/handbook/engineering/internships/ /handbook/hiring/emerging-talent/ 301
/handbook/engineering/management/career-development/ /handbook/engineering/management/management-career-development/ 301
/handbook/engineering/metrics/ /handbook/product/groups/product-analysis/engineering/metrics/ 301
/handbook/engineering/metrics/dashboards/ /handbook/product/groups/product-analysis/engineering/dashboards/ 301
/handbook/entity-specific-employment-policies/ /handbook/entity/entity-specific-employment-policies/ 301
/handbook/faq-gitlab-licensing-technology-to-independent-chinese-company/ /handbook/company/faq-gitlab-licensing-technology-to-independent-chinese-company/ 301
/handbook/finance/financial-planning-and-analysis/sales-finance/gtm-analytics-hub/ /handbook/finance/financial-planning-and-analysis/gtm-analytics-hub/ 301
/handbook/git-page-update/ /handbook/editing-handbook/ 301
/handbook/group-conversations/ /handbook/company/group-conversations/ 301
/handbook/handbook-usage/ /handbook/about/handbook-usage/ 301
/handbook/hiring/candidate/faq/ /handbook/hiring/candidate-faq/ 301
/handbook/hiring/candidate/faq/recruitment-privacy-policy/ /handbook/hiring/candidate-faq/recruitment-privacy-policy/ 301
/handbook/incentives/ /handbook/total-rewards/incentives/ 301
/handbook/inspired-by-gitlab/ /handbook/company/inspired-by-gitlab/ 301
/handbook/it/guides/nordlayer/ /handbook/business-technology/it/security/tools/nordlayer/ 301
/handbook/journeys/ /handbook/marketing/journeys/ 301
/handbook/key-review/ /handbook/company/key-review/ 301
/handbook/legal/ESG/ /handbook/legal/esg/ 301
/handbook/legal/esg/Team-Member-Sustainability-Guide/ /handbook/legal/esg/team-member-sustainability-guide/ 301
/handbook/legal/NDA/ /handbook/legal/nda/ 301
/handbook/legal/Vendor-DPA/ /handbook/legal/vendor-dpa/ 301
/handbook/marketing/brand-and-product-marketing/product-and-solution-marketing/customer-advocacy/CAB/ /handbook/marketing/brand-and-product-marketing/product-and-solution-marketing/customer-advocacy/cab/ 301
/handbook/marketing/brand-and-product-marketing/product-and-solution-marketing/dod12/2019-Best-Executive/ /handbook/marketing/brand-and-product-marketing/product-and-solution-marketing/dod12/2019-best-executive/ 301
/handbook/marketing/brand-and-product-marketing/product-and-solution-marketing/dod12/2019-Best-Solution/ /handbook/marketing/brand-and-product-marketing/product-and-solution-marketing/dod12/2019-best-solution/ 301
/handbook/marketing/brand-and-product-marketing/product-and-solution-marketing/getting-started/communication/ /handbook/marketing/brand-and-product-marketing/product-and-solution-marketing/getting-started/keeping-yourself-informed/ 301
/handbook/marketing/brand-and-product-marketing/product-and-solution-marketing/getting-started/group-conversations/ /handbook/marketing/brand-and-product-marketing/product-and-solution-marketing/getting-started/group-conversations-howtos/ 301
/handbook/marketing/career-development/ /handbook/marketing/marketing-career-development/career-path/ 301
/handbook/marketing/career-development/matrix/marketing/community-relations/contributor-success/ /handbook/marketing/marketing-career-development/contributor-success/ 301
/handbook/marketing/career-development/matrix/marketing/community-relations/contributor-success/intermediate/ /handbook/marketing/marketing-career-development/contributor-success/intermediate/ 301
/handbook/marketing/career-development/matrix/marketing/community-relations/contributor-success/senior/ /handbook/marketing/marketing-career-development/contributor-success/senior/ 301
/handbook/marketing/career-development/matrix/marketing/community-relations/contributor-success/staff/ /handbook/marketing/marketing-career-development/contributor-success/staff/ 301
/handbook/marketing/channel-marketing/channel-marketing-epics/Channel-Marketing-Service-Offerings/ /handbook/marketing/channel-marketing/channel-marketing-epics/channel-marketing-service-offerings/ 301
/handbook/marketing/developer-relations/cocreation/ /handbook/marketing/developer-relations/cocreate/ 301
/handbook/marketing/marketing-operations/Cognism/ /handbook/marketing/marketing-operations/cognism/ 301
/handbook/on-call/ /handbook/engineering/on-call/ 301
/handbook/only-healthy-constraints/ /handbook/company/only-healthy-constraints/ 301
/handbook/organizational-change-management/ /handbook/people-group/organizational-change-management/ 301
/handbook/paid-time-off/ /handbook/people-group/paid-time-off/ 301
/handbook/people-group/learning-and-development/elevate/ /handbook/people-group/learning-and-development/elevate-programs/ 301
/handbook/people-group/learning-and-development/elevate/elevate/ /handbook/people-group/learning-and-development/elevate-programs/elevate/ 301
/handbook/people-group/people-group-vision/ /handbook/people-group/ 301
/handbook/positioning-faq/ /handbook/marketing/positioning-faq/ 301
/handbook/practical-handbook-edits/ /handbook/editing-handbook/practical-handbook-edits/ 301
/handbook/product-development-budgeting/ /handbook/product-development-flow/product-development-budgeting/ 301
/handbook/product/product-manager-role/product-CDF-competencies/ /handbook/product/product-management/product-cdf-competencies/ 301
/handbook/product/ux/ux-research-coordination/incentives/ /handbook/product/ux/ux-research-coordination/participation-gratuities/ 301
/handbook/product/ux/ux-research-coordination/IP-Assignment/ /handbook/product/ux/ux-research-coordination/ip-assignment/ 301
/handbook/product/ux/ux-research-coordination/NDAs/ /handbook/product/ux/ux-research-coordination/ndas/ 301
/handbook/product/ux/ux-research/research-in-the-AI-space/ /handbook/product/ux/ux-research/research-in-the-ai-space/ 301
/handbook/product/ux/ux-showcase/ /handbook/product/ux/ux-forum/ 301
/handbook/resellers/Channel-Program-Guide/ /handbook/resellers/channel-program-guide/ 301
/handbook/resellers/Channel-Program-Guide/MDF/ /handbook/resellers/channel-program-guide/mdf/ 301
/handbook/resellers/channel-working-with-GitLab/ /handbook/resellers/channel-working-with-gitlab/ 301
/handbook/sales/account-planning/coaching/ /handbook/sales/account-planning/coaching-for-asms/ 301
/handbook/sales/field-operations/sales-operations//Deal-Desk-Order-Mgmt-KPIs/ /handbook/sales/field-operations/sales-operations/deal-desk-order-mgmt-kpis/ 301
/handbook/sales/onboarding/SQS-workshop/ /handbook/sales/onboarding/sqs-workshop/ 301
/handbook/sales/training/SKO/ /handbook/sales/training/sko/ 301
/handbook/sales/training/SKO/* /handbook/sales/training/sko/:splat 301
/handbook/security/access-management-policy/ /handbook/security/security-and-technology-policies/access-management-policy/ 301
/handbook/security/architecture/ /handbook/security/product-security/architecture/ 301
/handbook/security/audit-logging-policy/ /handbook/security/security-and-technology-policies/audit-logging-policy/ 301
/handbook/security/corporate/how-we-work/engineering/ /handbook/security/corporate/how-we-work/ 301
/handbook/security/corporate/how-we-work/program/ /handbook/security/corporate/how-we-work/ 301
/handbook/security/corporate/how-we-work/services/ /handbook/security/corporate/how-we-work/ 301
/handbook/security/corporate/services/support/ /handbook/security/corporate/support/ 301
/handbook/security/guides/ /handbook/security/corporate/systems/ 301
/handbook/security/penetration-testing-policy/ /handbook/security/security-and-technology-policies/penetration-testing-policy/ 301
/handbook/security/product-security/vulnerability-management/ /handbook/security/product-security/vulnerability-management/ 301
/handbook/security/security-assurance/security-and-technology-policies-management/ /handbook/security/security-and-technology-policies-management/ 301
/handbook/security/security-assurance/security-and-technology-policies-management/ /handbook/security/security-and-technology-policies/security-and-technology-policies-management/ 301
/handbook/security/security-engineering/ /handbook/security/product-security/ 301
/handbook/security/security-engineering/application-security/ /handbook/security/product-security/application-security/ 301
/handbook/security/security-engineering/hackerone-process/ /handbook/security/product-security/application-security/runbooks/hackerone-process/ 301
/handbook/security/security-engineering/infrastructure-security/ /handbook/security/product-security/infrastructure-security/ 301
/handbook/security/security-engineering/vulnerability-management/ /handbook/security/product-security/application-security/vulnerability-management/ 301
/handbook/security/software-development-lifecycle-policy/ /handbook/security/security-and-technology-policies/software-development-lifecycle-policy/ 301
/handbook/security/systems/ /handbook/security/corporate/systems/ 301
/handbook/security/threat-management/red-team/ /handbook/security/security-operations/red-team/ 301
/handbook/security/threat-management/red-team/purple-teaming/ /handbook/security/security-operations/red-team/purple-teaming/ 301
/handbook/security/threat-management/red-team/red-team-roe/ /handbook/security/security-operations/red-team/red-team-roe/ 301
/handbook/security/threat-management/security-research/ /handbook/security/product-security/security-research/ 301
/handbook/security/threat-modeling/ /handbook/security/product-security/application-security/threat-modeling/ 301
/handbook/securitychange-management-policy/ /handbook/security/security-and-technology-policies/change-management-policy/ 301
/handbook/solutions-architects/career-development/ /handbook/solutions-architects/sa-career-development/ 301
/handbook/solutions-architects/sa-practices/value-stream-assessments/ /handbook/solutions-architects/sa-practices/value-stream-discovery/ 301
/handbook/spending-company-money/ /handbook/finance/spending-company-money/ 301
/handbook/stock-options/ /handbook/total-rewards/stock-options/ 301
/handbook/style-guide/ /handbook/about/style-guide/ 301
/handbook/systems/ /handbook/security/corporate/systems/ 301
/handbook/use-cases/ /handbook/marketing/use-cases/ 301
/handbook/using-gitlab-at-gitlab/ /handbook/people-group/using-gitlab-at-gitlab/ 301
/job-families/engineering/development/backend/manager/ /job-families/engineering/development/management/engineering-manager/ 301
/job-families/engineering/development/frontend/manager/ /job-families/engineering/development/management/engineering-manager/ 301
/job-families/engineering/development/fullstack-manager/ /job-families/engineering/development/management/engineering-manager/ 301
/job-families/marketing/product-marketing-manager-public-sector/ /job-families/marketing/product-marketing-manager/ 301
/job-families/product/program-manager/ /job-families/product/technical-program-manager/ 301

# Files with Underscores in their Name - remove 2024-12-01
/handbook/security/External_Security_Communications_Procedure.html /handbook/security/external-security-communications-procedure/ 301
/handbook/security/gitlab_projects_baseline_requirements.html /handbook/security/gitlab_projects_baseline_requirements/ 301
/handbook/security/gitlab_security_resource_center.html /handbook/security/gitlab_security_resource_center/ 301
/handbook/security/security-assurance/field-security/answerbase_quality_guide.html /handbook/security/security-assurance/field-security/answerbase_quality_guide/ 301
/handbook/security/security-assurance/field-security/field_security_observation_and_ofi_quality_guide.html /handbook/security/security-assurance/field-security/field_security_observation_and_ofi_quality_guide/ 301
/handbook/security/security-assurance/field-security/independent_security_assurance.html /handbook/security/security-assurance/field-security/independent_security_assurance/ 301
/handbook/security/security-assurance/governance_and_field_security_team_charter.html /handbook/security/security-assurance/governance_and_field_security_team_charter/ 301
/handbook/security/security-assurance/production_readiness_compliance_assessment.html /handbook/security/security-assurance/production-readiness-compliance-assessment/ 301
/handbook/security/security-assurance/security-risk/sox_cuec_mapping_procedure.html /handbook/security/security-assurance/security-risk/sox_cuec_mapping_procedure/ 301
/handbook/legal/privacy/us-state-privacy-disclosure/ https://about.gitlab.com/privacy/us-state-privacy-rights-and-disclosures/ 301

# Manage/Foundations restructure - Remove 2024-09-01
/handbook/engineering/development/dev/manage/import-and-integrate/ /handbook/engineering/development/dev/foundations/import-and-integrate/ 301
/handbook/engineering/development/dev/manage/foundations/ /handbook/engineering/development/dev/foundations/ 301

# Old redirect pre-migration - remove 2024-12-01
/handbook/finance/accounting/prepaid/ https://internal.gitlab.com/handbook/finance/accounting/prepaid/ 301
/handbook/finance/accounting/finance-ops/accounts-receivable/ https://internal.gitlab.com/handbook/finance/accounting/finance-ops/accounts-receivable/ 301
/handbook/finance/accounting/finance-ops/billing-ops/zuora-billing/ https://internal.gitlab.com/handbook/finance/accounting/finance-ops/billing-ops/zuora-billing/ 301
/handbook/finance/accounting/finance-ops/revenue-accounting/ https://internal.gitlab.com/handbook/finance/accounting/finance-ops/revenue-accounting/ 301
/handbook/finance/accounting/finance-ops/revenue-accounting/tech-stack-guide-zuora-revenue/ https://internal.gitlab.com/handbook/finance/accounting/finance-ops/revenue-accounting/tech-stack-guide-zuora-revenue/ 301
/handbook/finance/financial-planning-and-analysis/marketing-finance/ https://internal.gitlab.com/handbook/finance/financial-planning-and-analysis/marketing-finance/ 301
/handbook/finance/financial-planning-and-analysis/sales-finance/ https://internal.gitlab.com/handbook/finance/finance-planning-and-analysis/sales-finance/ 301
/handbook/finance/timekeeping/frequently-asked-questions/ https://internal.gitlab.com/handbook/finance/payroll/timekeeping/frequently-asked-questions/ 301

# Growth section move from Marketing to Engineering - remove 2024-12-01
/handbook/marketing/growth/engineering/* /handbook/engineering/development/growth/:splat 301

# Moved frontmatter page - remove 2024-12-01
/handbook/editing-handbook/frontmatter/ https://handbook.gitlab.com/docs/frontmatter/

# Product handbook restructure - remove 2024-12-08
/handbook/product/fulfillment-guide/* /handbook/product/groups/fulfillment-guide/:splat 301
/handbook/product/project-management/* /handbook/product/groups/project-management/:splat 301
/handbook/product/product-analysis/* /handbook/product/groups/product-analysis/:splat 301
/handbook/product/categories/verify/* /handbook/product/groups/verify/:splat 301
/handbook/product/how-to-engage/* /handbook/product/product-management/#how-to-engage-product-managers 301
/handbook/product/product-okrs/* /handbook/product/product-processes/product-okrs/:splat 301
/handbook/product/single-application/* /handbook/product/groups/categories/gitlab-the-product/single-application/:splat 301
/handbook/product/product-manager-role/* /handbook/product/product-management/:splat 301
/handbook/product/gitlab-the-product /handbook/product/categories/gitlab-the-product/ 301
/handbook/product/growth/ /handbook/product/groups/growth/ 301
/handbook/product/categories/analytics/ /handbook/product/groups/analytics/ 301
/handbook/product/cpo-shadow-program/ /handbook/product/product-leaders/cpo-shadow-program/ 301
/handbook/product/product-leadership/ /handbook/product/product-leaders/product-leadership/ 301
/handbook/product/internship/ /handbook/product/product-management/internship/ 301
/handbook/product/product-manager-role/ /handbook/product/product-management/product-manager-role/ 301
/handbook/product/analytics-instrumentation-guide/ /handbook/product/product-processes/analytics-instrumentation-guide/ 301
/handbook/product/analytics-instrumentation-guide/service-usage-data-commitment/ /handbook/product/product-processes/analytics-instrumentation-guide/service-usage-data-commitment/ 301
/handbook/product/product-processes/operating-cadences/board-deck-prep/ /handbook/product/product-processes/board-deck-prep/ 301
/handbook/product/cross-functional-prioritization/ /handbook/product/product-processes/cross-functional-prioritization/ 301
/handbook/product/making-gifs/ /handbook/product/product-processes/making-gifs/ 301
/handbook/product/milestones/ /handbook/product/product-processes/milestones/ 301
/handbook/product/product-safe-guidance/ /handbook/product/product-processes/product-safe-guidance/ 301
/handbook/product/packaging-and-pricing/tiering-guidance-for-features/ /handbook/product/product-processes/tiering-guidance-for-features/ 301

# Remote Development group/category renames - remove 2024-12-17
/handbook/engineering/architecture/design-documents/remote_development/* /handbook/engineering/architecture/design-documents/workspaces/:splat 301

# Solutions Architecture Handbook Moved - remove 2025-01-01
/handbook/customer-success/solutions-architects/* /handbook/solutions-architects/:splat 301
/handbook/customer-success/solutions-architects/ /handbook/solutions-architects/ 301

# Brand Standards - remove 2025-01-17
/handbook/marketing/brand-and-product-marketing/brand/brand-activation/brand-standards/* https://design.gitlab.com/brand-overview/resources 301

# Replace aliases - remove 2025-02-01
/handbook/esg/ /handbook/company/esg/ 301
/handbook/gdpr/ /handbook/legal/privacy/gdpr/ 301
/handbook/resellers/reseller-agreement/ /handbook/legal/reseller-agreement/ 301
/teamops/everyone-contributes/ /teamops/equal-contributions/ 301

# Webinar redirects - remove 2025-05-01
/handbook/customer-success/csm/segment/cse/webinar-calendar/ https://university.gitlab.com/pages/gitlab-user-webinars 301
/handbook/customer-success/csm/segment/scale/webinar-calendar/  https://university.gitlab.com/pages/gitlab-user-webinars 301

# about.gitlab.com handbook guide redirects - remove 2025-07-25
/handbook/product/markdown-guide/ https://about.gitlab.com/community/markdown-guide-middleman/ 301
